{
  "timestamp": "2025-10-25T18:10:55.910522",
  "parameters": {
    "string_length_m": 0.648,
    "string_tension_N": 70.0,
    "linear_density_kg_per_m": 0.0004,
    "temperature_K": 298.15,
    "sample_rate_Hz": 8000.0
  },
  "classical_frequencies_Hz": [
    322.78550406407237,
    645.5710081281447,
    968.3565121922171,
    1291.1420162562895,
    1613.9275203203617,
    1936.7130243844342
  ],
  "quantum_energies_J": [
    1.0693996966658268e-31,
    3.20819908999748e-31,
    5.346998483329134e-31,
    7.485797876660787e-31,
    9.624597269992441e-31,
    1.1763396663324096e-30
  ],
  "coherence_index": 0.9675004006512072,
  "validation_passed": 